{
  "stations": {
    "AAP": "Alexandra Palace",
    "AAT": "Achanalt",
    "ABA": "Aberdare",
    "ABC": "Altnabreac",
    "ABD": "Aberdeen",
    "ABE": "Aber",
    "ABH": "Abererch",
    "ABW": "Abbey Wood",
    "ABY": "Ashburys",
    "ACB": "Acton Bridge (Cheshire)",
    "ACC": "Acton Central",
    "ACG": "Acocks Green",
    "ACH": "Achnashellach",
    "ACK": "Acklington",
    "ACL": "Acle",
    "ACN": "Achnasheen",
    "ACR": "Accrington",
    "ACT": "Ascot (Berks)",
    "ACY": "Abercynon",
    "ADC": "Adlington (Cheshire)",
    "ADD": "Adderley Park",
    "ADK": "Ardwick",
    "ADL": "Adlington (Lancs)",
    "ADM": "Adisham",
    "ADN": "Ardrossan Town",
    "ADR": "Airdrie",
    "ADS": "Ardrossan Harbour",
    "ADV": "Andover",
    "ADW": "Addiewell",
    "AFK": "Ashford International",
    "AFS": "Ashford (Surrey)",
    "AFV": "Ansdell & Fairhaven",
    "AGL": "Abergele & Pensarn",
    "AGR": "Angel Road",
    "AGS": "Argyle Street",
    "AGT": "Aldrington",
    "AGV": "Abergavenny",
    "AHD": "Ashtead",
    "AHN": "Ashton-under-Lyne",
    "AHS": "Ashurst (Kent)",
    "AHT": "Aldershot",
    "AHV": "Ash Vale",
    "AIG": "Aigburth",
    "AIN": "Aintree",
    "AIR": "Airbles",
    "ALB": "Albrighton",
    "ALD": "Alderley Edge",
    "ALF": "Alfreton",
    "ALK": "Aslockton",
    "ALM": "Alnmouth",
    "ALN": "Althorne (Essex)",
    "ALO": "Alloa",
    "ALP": "Althorpe",
    "ALR": "Alresford (Essex)",
    "ALT": "Altrincham",
    "ALV": "Alvechurch",
    "ALW": "Allens West",
    "ALX": "Alexandria",
    "AMB": "Ambergate",
    "AMF": "Ammanford",
    "AML": "Acton Main Line",
    "AMR": "Amersham",
    "AMT": "Aldermaston",
    "AMY": "Amberley",
    "ANC": "Ancaster",
    "AND": "Anderston",
    "ANF": "Ashurst New Forest",
    "ANG": "Angmering",
    "ANL": "Anniesland",
    "ANN": "Annan",
    "ANS": "Ainsdale",
    "ANZ": "Anerley",
    "AON": "Alton",
    "APB": "Appley Bridge",
    "APD": "Appledore (Kent)",
    "APF": "Appleford",
    "APG": "Aspley Guise",
    "APP": "Appleby",
    "APS": "Apsley",
    "APY": "Apperley Bridge",
    "ARB": "Arbroath",
    "ARD": "Ardgay",
    "ARG": "Arisaig",
    "ARL": "Arlesey",
    "ARM": "Armadale (West Lothian)",
    "ARN": "Arnside",
    "ARR": "Arram",
    "ART": "Arrochar & Tarbet",
    "ARU": "Arundel",
    "ASB": "Ardrossan South Beach",
    "ASC": "Ashchurch for Tewkesbury",
    "ASF": "Ashfield",
    "ASG": "Alsager",
    "ASH": "Ash",
    "ASI": "Ashford International (Eurostar)",
    "ASK": "Askam",
    "ASN": "Addlestone",
    "ASP": "Aspatria",
    "ASS": "Alness",
    "AST": "Aston",
    "ASY": "Ashley",
    "ATB": "Attenborough",
    "ATH": "Atherstone",
    "ATL": "Attleborough",
    "ATN": "Atherton",
    "ATT": "Attadale",
    "AUD": "Audley End",
    "AUG": "Aughton Park",
    "AUI": "Ardlui",
    "AUK": "Auchinleck",
    "AUR": "Aberdour",
    "AUW": "Ascott-under-Wychwood",
    "AVF": "Avoncliff",
    "AVM": "Aviemore",
    "AVN": "Avonmouth",
    "AVP": "Aylesbury Vale Parkway",
    "AVY": "Aberdovey",
    "AWK": "Adwick",
    "AWM": "Ashwell & Morden",
    "AWT": "Armathwaite",
    "AXM": "Axminster",
    "AXP": "Alexandra Parade",
    "AYH": "Aylesham",
    "AYL": "Aylesford",
    "AYP": "Albany Park",
    "AYR": "Ayr",
    "AYS": "Aylesbury",
    "AYW": "Aberystwyth",
    "BAA": "Barnham",
    "BAB": "Balcombe",
    "BAC": "Bache",
    "BAD": "Banstead",
    "BAG": "Bagshot",
    "BAH": "Bank Hall",
    "BAI": "Blairhill",
    "BAJ": "Baglan",
    "BAK": "Battersea Park",
    "BAL": "Balham",
    "BAM": "Bamford",
    "BAN": "Banbury",
    "BAR": "Bare Lane",
    "BAS": "Bere Alston",
    "BAT": "Battle",
    "BAU": "Barton-on-Humber",
    "BAV": "Barrow Haven",
    "BAW": "Blackwater",
    "BAY": "Bayford",
    "BBG": "Bishopbriggs",
    "BBK": "Bilbrook",
    "BBL": "Bat & Ball",
    "BBN": "Blackburn",
    "BBS": "Bordesley",
    "BBW": "Berry Brow",
    "BCB": "Burscough Bridge",
    "BCC": "Beccles",
    "BCE": "Bracknell",
    "BCF": "Beaconsfield",
    "BCG": "Birchgrove",
    "BCH": "Birchington-on-sea",
    "BCJ": "Burscough Junction",
    "BCK": "Buckley",
    "BCN": "Branchton",
    "BCS": "Bicester North",
    "BCU": "Brockenhurst",
    "BCV": "Bruce Grove",
    "BCY": "Brockley",
    "BDA": "Brundall",
    "BDB": "Broadbottom",
    "BDG": "Bridgeton",
    "BDH": "Bedhampton",
    "BDI": "Bradford Interchange",
    "BDK": "Baldock",
    "BDL": "Birkdale",
    "BDM": "Bedford",
    "BDN": "Brading",
    "BDQ": "Bradford Forster Square",
    "BDT": "Bridlington",
    "BDW": "Bedwyn",
    "BDY": "Bredbury",
    "BEA": "Bridge of Allan",
    "BEB": "Bebington",
    "BEC": "Beckenham Hill",
    "BEE": "Beeston",
    "BEF": "Benfleet",
    "BEG": "Beltring",
    "BEH": "Bedworth",
    "BEL": "Beauly",
    "BEM": "Bempton",
    "BEN": "Bentham",
    "BEP": "Bermuda Park",
    "BER": "Bearley",
    "BES": "Bescar Lane",
    "BET": "Bethnal Green",
    "BEU": "Beaulieu Road",
    "BEV": "Beverley",
    "BEX": "Bexhill",
    "BEY": "Ben Rhydding",
    "BFD": "Brentford",
    "BFE": "Bere Ferrers",
    "BFF": "Blaenau Ffestiniog",
    "BFN": "Byfleet & New Haw",
    "BFR": "London Blackfriars",
    "BGA": "Brundall Gardens",
    "BGD": "Bargoed",
    "BGE": "Broad Green",
    "BGG": "Brigg",
    "BGH": "Brighouse",
    "BGI": "Bargeddie",
    "BGL": "Bugle",
    "BGM": "Bellingham",
    "BGN": "Bridgend",
    "BGS": "Bogston",
    "BHC": "Balloch",
    "BHD": "Brithdir",
    "BHG": "Bathgate",
    "BHI": "Birmingham International",
    "BHK": "Bush Hill Park",
    "BHM": "Birmingham New Street",
    "BHO": "Blackhorse Road",
    "BHR": "Builth Road",
    "BHS": "Brockholes",
    "BIA": "Bishop Auckland",
    "BIC": "Billericay",
    "BID": "Bidston",
    "BIF": "Barrow-in-Furness",
    "BIG": "Billingshurst",
    "BIK": "Birkbeck",
    "BIL": "Billingham (Cleveland)",
    "BIN": "Bingham",
    "BIO": "Baillieston",
    "BIP": "Bishopstone (Sussex)",
    "BIS": "Bishops Stortford",
    "BIT": "Bicester Village",
    "BIW": "Biggleswade",
    "BIY": "Bingley",
    "BKA": "Bookham",
    "BKC": "Birkenhead Central",
    "BKD": "Blakedown",
    "BKG": "Barking",
    "BKH": "Blackheath",
    "BKJ": "Beckenham Junction",
    "BKL": "Bickley",
    "BKM": "Berkhamsted",
    "BKN": "Birkenhead North",
    "BKO": "Brookwood",
    "BKP": "Birkenhead Park",
    "BKQ": "Birkenhead Hamilton Square",
    "BKR": "Blackridge",
    "BKS": "Bekesbourne",
    "BKT": "Blake Street",
    "BKW": "Berkswell",
    "BLA": "Blair Atholl",
    "BLB": "Battlesbridge",
    "BLD": "Baildon",
    "BLE": "Bramley (W Yorks)",
    "BLG": "Bellgrove",
    "BLH": "Bellshill",
    "BLK": "Blackrod",
    "BLL": "Bardon Mill",
    "BLM": "Belmont",
    "BLN": "Blundellsands & Crosby",
    "BLO": "Blaydon",
    "BLP": "Belper",
    "BLT": "Blantyre",
    "BLV": "Belle Vue",
    "BLW": "Bulwell",
    "BLX": "Bloxwich",
    "BLY": "Bletchley",
    "BMB": "Bamber Bridge",
    "BMC": "Bromley Cross (Lancs)",
    "BMD": "Brimsdown",
    "BME": "Broome",
    "BMF": "Broomfleet",
    "BMG": "Barming",
    "BMH": "Bournemouth",
    "BML": "Bramhall",
    "BMN": "Bromley North",
    "BMO": "Birmingham Moor Street",
    "BMP": "Brampton (Cumbria)",
    "BMR": "Bromborough Rake",
    "BMS": "Bromley South",
    "BMT": "Bedminster",
    "BMV": "Bromsgrove",
    "BMY": "Bramley (Hants)",
    "BNA": "Burnage",
    "BNC": "Burnley Central",
    "BND": "Brandon",
    "BNE": "Bourne End",
    "BNF": "Briton Ferry",
    "BNG": "Bangor (Gwynedd)",
    "BNH": "Barnehurst",
    "BNI": "Barnes Bridge",
    "BNL": "Barnhill",
    "BNM": "Burnham (Bucks)",
    "BNP": "Barnstaple",
    "BNS": "Barnes",
    "BNT": "Brinnington",
    "BNV": "Banavie",
    "BNW": "Bootle New Strand",
    "BNY": "Barnsley",
    "BOA": "Bradford-on-Avon",
    "BOC": "Bootle (Cumbria)",
    "BOD": "Bodmin Parkway",
    "BOE": "Botley",
    "BOG": "Bognor Regis",
    "BOH": "Bosham",
    "BOM": "Bromborough",
    "BON": "Bolton",
    "BOP": "Bowes Park",
    "BOR": "Bodorgan",
    "BOT": "Bootle Oriel Road",
    "BPB": "Blackpool Pleasure Beach",
    "BPK": "Brookmans Park",
    "BPN": "Blackpool North",
    "BPS": "Blackpool South",
    "BPT": "Bishopton (Strathclyde)",
    "BPW": "Bristol Parkway",
    "BRA": "Brora",
    "BRC": "Breich",
    "BRE": "Brentwood",
    "BRF": "Brierfield",
    "BRG": "Borough Green & Wrotham",
    "BRH": "Borth",
    "BRI": "Bristol Temple Meads",
    "BRK": "Berwick (Sussex)",
    "BRL": "Barrhill",
    "BRM": "Barmouth",
    "BRN": "Bearsden",
    "BRO": "Bridge of Orchy",
    "BRP": "Brampton (Suffolk)",
    "BRR": "Barrhead",
    "BRS": "Berrylands",
    "BRT": "Barlaston",
    "BRU": "Bruton",
    "BRV": "Bournville",
    "BRW": "Brunswick",
    "BRX": "Brixton",
    "BRY": "Barry",
    "BSB": "Bleasby",
    "BSC": "Bescot Stadium",
    "BSD": "Bearsted",
    "BSE": "Bury St Edmunds",
    "BSH": "Bushey",
    "BSI": "Balmossie",
    "BSJ": "Bedford St Johns",
    "BSK": "Basingstoke",
    "BSL": "Beasdale",
    "BSM": "Branksome",
    "BSN": "Boston",
    "BSO": "Basildon",
    "BSP": "Brondesbury Park",
    "BSR": "Broadstairs",
    "BSS": "Barassie",
    "BSU": "Brunstane",
    "BSV": "Buckshaw Parkway",
    "BSW": "Birmingham Snow Hill",
    "BSY": "Brondesbury",
    "BTB": "Barnetby",
    "BTD": "Bolton-Upon-Dearne",
    "BTE": "Bitterne",
    "BTF": "Bottesford",
    "BTG": "Barnt Green",
    "BTH": "Bath Spa",
    "BTL": "Batley",
    "BTN": "Brighton (East Sussex)",
    "BTO": "Betchworth",
    "BTP": "Braintree Freeport",
    "BTR": "Braintree",
    "BTS": "Burntisland",
    "BTT": "Battersby",
    "BTY": "Bentley (Hants)",
    "BUB": "Burnley Barracks",
    "BUC": "Buckenham (Norfolk)",
    "BUD": "Burneside (Cumbria)",
    "BUE": "Bures",
    "BUG": "Burgess Hill",
    "BUH": "Brough",
    "BUI": "Burnside (Strathclyde)",
    "BUJ": "Burton Joyce",
    "BUK": "Bucknell",
    "BUL": "Butlers Lane",
    "BUO": "Bursledon",
    "BUS": "Busby",
    "BUT": "Burton-on-Trent",
    "BUU": "Burnham-on-Crouch",
    "BUW": "Burley-in-Wharfedale",
    "BUX": "Buxton",
    "BUY": "Burley Park",
    "BVD": "Belvedere",
    "BWB": "Bow Brickhill",
    "BWD": "Birchwood",
    "BWG": "Bowling",
    "BWK": "Berwick-upon-Tweed",
    "BWN": "Bloxwich North",
    "BWO": "Bricket Wood",
    "BWS": "Barrow-Upon-Soar",
    "BWT": "Bridgwater",
    "BXB": "Broxbourne",
    "BXD": "Buxted",
    "BXH": "Bexleyheath",
    "BXW": "Box Hill & Westhumble",
    "BXY": "Bexley",
    "BYA": "Berney Arms",
    "BYB": "Blythe Bridge",
    "BYC": "Betws-y-Coed",
    "BYD": "Barry Docks",
    "BYE": "Bynea",
    "BYF": "Broughty Ferry",
    "BYI": "Barry Island",
    "BYK": "Bentley (South Yorks)",
    "BYL": "Barry Links",
    "BYM": "Burnley Manchester Road",
    "BYN": "Bryn",
    "BYS": "Braystones (Cumbria)",
    "CAA": "Coventry Arena",
    "CAC": "Caldercruix",
    "CAD": "Cadoxton",
    "CAG": "Carrbridge",
    "CAK": "Cark & Cartmel",
    "CAM": "Camberley",
    "CAN": "Carnoustie",
    "CAO": "Cannock",
    "CAR": "Carlisle",
    "CAS": "Castleton (Manchester)",
    "CAT": "Caterham",
    "CAU": "Causeland",
    "CAY": "Carntyne",
    "CBB": "Carbis Bay",
    "CBC": "Coatbridge Central",
    "CBD": "Conon Bridge",
    "CBE": "Canterbury East",
    "CBG": "Cambridge",
    "CBH": "Cambridge Heath",
    "CBK": "Cranbrook (Devon)",
    "CBL": "Cambuslang",
    "CBN": "Camborne",
    "CBP": "Castle Bar Park",
    "CBR": "Cooksbridge",
    "CBS": "Coatbridge Sunnyside",
    "CBW": "Canterbury West",
    "CBY": "Charlbury",
    "CCC": "Criccieth",
    "CCH": "Chichester",
    "CCT": "Cathcart",
    "CDB": "Cardiff Bay",
    "CDD": "Cardenden",
    "CDF": "Cardiff Central",
    "CDI": "Crediton",
    "CDN": "Coulsdon Town",
    "CDO": "Cardonald",
    "CDQ": "Cardiff Queen Street",
    "CDR": "Cardross",
    "CDS": "Coulsdon South",
    "CDT": "Caldicot",
    "CDU": "Cam & Dursley",
    "CDY": "Cartsdyke",
    "CEA": "Cleland",
    "CED": "Cheddington",
    "CEF": "Chapel-en-le-Frith",
    "CEH": "Coleshill Parkway",
    "CEL": "Chelford (Cheshire)",
    "CES": "Cressing (Essex)",
    "CET": "Colchester Town",
    "CEY": "Cononley",
    "CFB": "Catford Bridge",
    "CFD": "Castleford",
    "CFF": "Croftfoot",
    "CFH": "Chafford Hundred Lakeside",
    "CFL": "Crossflatts",
    "CFN": "Clifton Down",
    "CFO": "Chalfont & Latimer",
    "CFR": "Chandlers Ford",
    "CFT": "Crofton Park",
    "CGD": "Craigendoran",
    "CGM": "Cottingham",
    "CGN": "Cogan",
    "CGW": "Caergwrle",
    "CHC": "Charing Cross (Glasgow)",
    "CHD": "Chesterfield",
    "CHE": "Cheam",
    "CHF": "Church Fenton",
    "CHG": "Charing (Kent)",
    "CHH": "Christs Hospital",
    "CHI": "Chingford",
    "CHK": "Chiswick",
    "CHL": "Chilworth",
    "CHM": "Chelmsford",
    "CHN": "Cheshunt",
    "CHO": "Cholsey",
    "CHP": "Chipstead",
    "CHR": "Christchurch",
    "CHT": "Chathill",
    "CHU": "Cheadle Hulme",
    "CHW": "Chalkwell",
    "CHX": "London Charing Cross",
    "CHY": "Chertsey",
    "CIL": "Chilham",
    "CIM": "Cilmeri",
    "CIR": "Caledonian Rd & Barnsbury",
    "CIT": "Chislehurst",
    "CKH": "Corkerhill",
    "CKL": "Corkickle",
    "CKN": "Crewkerne",
    "CKS": "Clarkston",
    "CKT": "Crookston",
    "CKY": "Crosskeys",
    "CLA": "Clandon",
    "CLC": "Castle Cary",
    "CLD": "Chelsfield",
    "CLE": "Cleethorpes",
    "CLG": "Claygate",
    "CLH": "Clitheroe",
    "CLI": "Clifton (Manchester)",
    "CLJ": "Clapham Junction",
    "CLK": "Clock House",
    "CLL": "Collington",
    "CLM": "Collingham",
    "CLN": "Chapeltown (South Yorks)",
    "CLP": "Clapham High Street",
    "CLR": "Clarbeston Road",
    "CLS": "Chester-le-Street",
    "CLT": "Clacton-on-Sea",
    "CLU": "Carluke",
    "CLV": "Claverdon",
    "CLW": "Chorleywood",
    "CLY": "Chinley",
    "CMD": "Camden Road",
    "CME": "Combe (Oxon)",
    "CMF": "Cromford",
    "CMH": "Cwmbach",
    "CML": "Carmyle",
    "CMN": "Carmarthen",
    "CMO": "Camelon",
    "CMR": "Cromer",
    "CMY": "Crossmyloof",
    "CNE": "Colne",
    "CNF": "Carnforth",
    "CNG": "Congleton",
    "CNL": "Canley",
    "CNM": "Cheltenham Spa",
    "CNN": "Canonbury",
    "CNO": "Chetnole",
    "CNP": "Conway Park",
    "CNR": "Crianlarich",
    "CNS": "Conisbrough",
    "CNW": "Conwy",
    "CNY": "Cantley",
    "COA": "Coatdyke",
    "COB": "Cooden Beach",
    "COE": "Coombe Junction Halt",
    "COH": "Crowborough",
    "COI": "Crosshill",
    "COL": "Colchester",
    "COM": "Commondale",
    "CON": "Connel Ferry",
    "COO": "Cookham",
    "COP": "Copplestone",
    "COR": "Corby",
    "COS": "Cosford",
    "COT": "Cottingley",
    "COV": "Coventry",
    "COW": "Cowdenbeath",
    "COY": "Coryton",
    "CPA": "Corpach",
    "CPH": "Caerphilly",
    "CPK": "Carpenders Park",
    "CPM": "Chippenham",
    "CPN": "Chapelton (Devon)",
    "CPT": "Clapton",
    "CPU": "Capenhurst",
    "CPW": "Chepstow",
    "CPY": "Clapham (North Yorkshire)",
    "CRA": "Cradley Heath",
    "CRB": "Corbridge",
    "CRD": "Chester Road",
    "CRE": "Crewe",
    "CRF": "Carfin",
    "CRG": "Cross Gates",
    "CRH": "Crouch Hill",
    "CRI": "Cricklewood",
    "CRK": "Chirk",
    "CRL": "Chorley",
    "CRM": "Cramlington",
    "CRN": "Crowthorne",
    "CRO": "Croy",
    "CRR": "Corrour",
    "CRS": "Carstairs",
    "CRT": "Chartham",
    "CRV": "Craven Arms",
    "CRW": "Crawley",
    "CRY": "Crayford",
    "CSA": "Cosham",
    "CSB": "Carshalton Beeches",
    "CSD": "Cobham & Stoke d'Abernon",
    "CSG": "Cressington",
    "CSH": "Carshalton",
    "CSK": "Calstock",
    "CSL": "Codsall",
    "CSM": "Castleton Moor",
    "CSN": "Chessington North",
    "CSO": "Croston",
    "CSR": "Chassen Road",
    "CSS": "Chessington South",
    "CST": "London Cannon Street",
    "CSW": "Chestfield & Swalecliffe",
    "CSY": "Coseley",
    "CTE": "Chatelherault",
    "CTF": "Catford",
    "CTH": "Chadwell Heath",
    "CTK": "City Thameslink",
    "CTL": "Cattal",
    "CTM": "Chatham",
    "CTN": "Charlton",
    "CTO": "Carlton",
    "CTR": "Chester",
    "CTT": "Church Stretton",
    "CTW": "Church & Oswaldtwistle",
    "CUA": "Culrain",
    "CUB": "Cumbernauld",
    "CUD": "Cuddington",
    "CUF": "Cuffley",
    "CUH": "Curriehill",
    "CUM": "Culham",
    "CUP": "Cupar",
    "CUW": "Clunderwen",
    "CUX": "Cuxton",
    "CWB": "Colwyn Bay",
    "CWC": "Chappel & Wakes Colne",
    "CWD": "Creswell",
    "CWE": "Crowle",
    "CWH": "Crews Hill",
    "CWL": "Colwall",
    "CWM": "Cwmbran",
    "CWN": "Cowden (Kent)",
    "CWS": "Caersws",
    "CWU": "Crowhurst",
    "CYB": "Cefn-y-Bedd",
    "CYK": "Clydebank",
    "CYN": "Cynghordy",
    "CYP": "Crystal Palace",
    "CYS": "Cathays",
    "CYT": "Cherry Tree",
    "DAG": "Dalgety Bay",
    "DAK": "Dalmarnock",
    "DAL": "Dalmally",
    "DAM": "Dalmeny",
    "DAN": "Darnall",
    "DAR": "Darlington",
    "DAT": "Datchet",
    "DBC": "Dumbarton Central",
    "DBD": "Denby Dale",
    "DBE": "Dumbarton East",
    "DBG": "Mottisfont & Dunbridge",
    "DBL": "Dunblane",
    "DBR": "Derby Road (Ipswich)",
    "DBY": "Derby",
    "DCG": "Duncraig",
    "DCH": "Dorchester South",
    "DCT": "Danescourt",
    "DCW": "Dorchester West",
    "DDG": "Dorridge",
    "DDK": "Dagenham Dock",
    "DDP": "Dudley Port",
    "DEA": "Deal",
    "DEE": "Dundee",
    "DEN": "Dean (Wilts)",
    "DEP": "Deptford",
    "DEW": "Dewsbury",
    "DFD": "Dartford",
    "DFE": "Dunfermline Town",
    "DFI": "Duffield",
    "DFL": "Dunfermline Queen Margaret",
    "DFP": "Dublin Ferryport",
    "DFR": "Drumfrochar",
    "DGC": "Denham Golf Club",
    "DGL": "Dingle Road",
    "DGT": "Deansgate",
    "DGY": "Deganwy",
    "DHM": "Durham",
    "DHN": "Deighton",
    "DID": "Didcot Parkway",
    "DIG": "Digby & Sowton",
    "DIN": "Dingwall",
    "DIS": "Diss",
    "DKD": "Dunkeld & Birnam",
    "DKG": "Dorking (Main)",
    "DKT": "Dorking West",
    "DLG": "Dolgarrog",
    "DLH": "Doleham",
    "DLJ": "Dalston Junction",
    "DLK": "Dalston Kingsland",
    "DLM": "Delamere",
    "DLR": "Dalreoch",
    "DLS": "Dalston (Cumbria)",
    "DLT": "Dalton (Cumbria)",
    "DLW": "Dalwhinnie",
    "DLY": "Dalry",
    "DMC": "Drumchapel",
    "DMF": "Dumfries",
    "DMG": "Dinas (Rhondda)",
    "DMH": "Dilton Marsh",
    "DMK": "Denmark Hill",
    "DMP": "Dumpton Park",
    "DMR": "Dalmuir",
    "DMS": "Dormans",
    "DMY": "Drumry",
    "DND": "Dinsdale",
    "DNG": "Dunton Green",
    "DNL": "Dunlop",
    "DNM": "Denham",
    "DNO": "Dunrobin Castle",
    "DNS": "Dinas Powys",
    "DNT": "Dent",
    "DNY": "Danby",
    "DOC": "Devonport Dockyard",
    "DOD": "Dodworth",
    "DOL": "Dolau",
    "DON": "Doncaster",
    "DOR": "Dore & Totley",
    "DOT": "Dunston",
    "DOW": "Downham Market",
    "DPD": "Dorking Deepdene",
    "DPS": "Dublin Port - Stena",
    "DPT": "Devonport (Devon)",
    "DRF": "Driffield",
    "DRG": "Drayton Green",
    "DRI": "Drigg",
    "DRM": "Drem",
    "DRN": "Duirinish",
    "DRO": "Dronfield",
    "DRT": "Darton",
    "DRU": "Drumgelloch",
    "DSL": "Disley",
    "DSM": "Darsham",
    "DST": "Duke Street",
    "DSY": "Daisy Hill",
    "DTG": "Dinting",
    "DTN": "Denton",
    "DTW": "Droitwich Spa",
    "DUD": "Duddeston",
    "DUL": "Dullingham",
    "DUM": "Dumbreck",
    "DUN": "Dunbar",
    "DUR": "Durrington-on-Sea",
    "DVC": "Dovercourt",
    "DVH": "Dove Holes",
    "DVN": "Davenport",
    "DVP": "Dover Priory",
    "DVY": "Dovey Junction",
    "DWD": "Dolwyddelan",
    "DWL": "Dawlish",
    "DWN": "Darwen",
    "DWW": "Dawlish Warren",
    "DYC": "Dyce",
    "DYF": "Dyffryn Ardudwy",
    "DYP": "Drayton Park",
    "DZY": "Danzey",
    "EAD": "Earlsfield",
    "EAG": "Eaglescliffe",
    "EAL": "Ealing Broadway",
    "EAR": "Earley",
    "EBA": "Euxton Balshaw Lane",
    "EBB": "Ebbw Vale Town",
    "EBD": "Ebbsfleet International",
    "EBK": "Eastbrook",
    "EBN": "Eastbourne",
    "EBR": "Edenbridge",
    "EBT": "Edenbridge Town",
    "EBV": "Ebbw Vale Parkway",
    "ECC": "Eccles (Manchester)",
    "ECL": "Eccleston Park",
    "ECP": "Energlyn & Churchill Park",
    "ECR": "East Croydon",
    "ECS": "Eccles Road",
    "EDB": "Edinburgh",
    "EDG": "Edge Hill",
    "EDL": "Edale",
    "EDN": "Eden Park",
    "EDP": "Edinburgh Park",
    "EDR": "Edmonton Green",
    "EDW": "East Dulwich",
    "EDY": "East Didsbury",
    "EFF": "Effingham Junction",
    "EFL": "East Farleigh",
    "EGF": "East Garforth",
    "EGG": "Eggesford",
    "EGH": "Egham",
    "EGN": "Eastrington",
    "EGR": "East Grinstead",
    "EGT": "Egton",
    "EGY": "Edinburgh Gateway",
    "EKB": "Eskbank",
    "EKL": "East Kilbride",
    "ELD": "Earlswood (Surrey)",
    "ELE": "Elmers End",
    "ELG": "Elgin",
    "ELO": "Elton & Orston",
    "ELP": "Ellesmere Port",
    "ELR": "Elsecar",
    "ELS": "Elstree & Borehamwood",
    "ELW": "Eltham",
    "ELY": "Ely",
    "EMD": "East Midlands Parkway",
    "EML": "East Malling",
    "EMP": "Emerson Park",
    "EMS": "Emsworth",
    "ENC": "Enfield Chase",
    "ENF": "Enfield Town",
    "ENL": "Enfield Lock",
    "ENT": "Entwistle",
    "EPD": "Epsom Downs",
    "EPH": "Elephant & Castle",
    "EPS": "Epsom (Surrey)",
    "ERA": "Eastham Rake",
    "ERD": "Erdington",
    "ERH": "Erith",
    "ERI": "Eridge",
    "ERL": "Earlestown",
    "ESD": "Elmstead Woods",
    "ESH": "Esher",
    "ESL": "Eastleigh",
    "ESM": "Elsenham (Essex)",
    "EST": "Easterhouse",
    "ESW": "Elmswell",
    "ETC": "Etchingham",
    "ETL": "East Tilbury",
    "EUS": "London Euston",
    "EVE": "Evesham",
    "EWD": "Earlswood (West Midlands)",
    "EWE": "Ewell East",
    "EWR": "East Worthing",
    "EWW": "Ewell West",
    "EXC": "Exeter Central",
    "EXD": "Exeter St David's",
    "EXG": "Exhibition Centre (Glasgow)",
    "EXM": "Exmouth",
    "EXN": "Exton",
    "EXR": "Essex Road",
    "EXT": "Exeter St Thomas",
    "EYN": "Eynsford",
    "FAL": "Falmouth Docks",
    "FAV": "Faversham",
    "FAZ": "Fazakerley",
    "FBY": "Formby",
    "FCN": "Falconwood",
    "FEA": "Featherstone",
    "FEL": "Feltham",
    "FEN": "Fenny Stratford",
    "FER": "Fernhill",
    "FFA": "Ffairfach",
    "FFD": "Freshford",
    "FGH": "Fishguard Harbour",
    "FGT": "Faygate",
    "FGW": "Fishguard & Goodwick",
    "FIL": "Filey",
    "FIN": "Finstock",
    "FIT": "Filton Abbey Wood",
    "FKC": "Folkestone Central",
    "FKG": "Falkirk Grahamston",
    "FKK": "Falkirk High",
    "FKW": "Folkestone West",
    "FLD": "Fauldhouse",
    "FLE": "Fleet",
    "FLF": "Flowery Field",
    "FLI": "Flixton",
    "FLM": "Flimby",
    "FLN": "Flint",
    "FLT": "Flitwick",
    "FLW": "Fulwell",
    "FLX": "Felixstowe",
    "FML": "Frimley",
    "FMR": "Falmer",
    "FMT": "Falmouth Town",
    "FNB": "Farnborough (Main)",
    "FNC": "Farncombe",
    "FNH": "Farnham",
    "FNN": "Farnborough North",
    "FNR": "Farningham Road",
    "FNT": "Feniton",
    "FNV": "Furness Vale",
    "FNW": "Farnworth",
    "FNY": "Finchley Road & Frognal",
    "FOC": "Falls of Cruachan",
    "FOD": "Ford",
    "FOG": "Forest Gate",
    "FOH": "Forest Hill",
    "FOK": "Four Oaks",
    "FOR": "Forres",
    "FOX": "Foxfield",
    "FPK": "Finsbury Park",
    "FRB": "Fairbourne",
    "FRD": "Frodsham",
    "FRE": "Freshfield",
    "FRF": "Fairfield",
    "FRI": "Frinton-on-Sea",
    "FRL": "Fairlie",
    "FRM": "Fareham",
    "FRN": "Fearn",
    "FRO": "Frome",
    "FRS": "Forsinard",
    "FRT": "Frant",
    "FRW": "Fairwater",
    "FRY": "Ferriby",
    "FSB": "Fishbourne (Sussex)",
    "FSG": "Fishersgate",
    "FSK": "Fiskerton",
    "FST": "London Fenchurch Street",
    "FTM": "Fort Matilda",
    "FTN": "Fratton",
    "FTW": "Fort William",
    "FWY": "Five Ways",
    "FXN": "Foxton",
    "FYS": "Ferryside",
    "FZH": "Frizinghall",
    "FZP": "Furze Platt",
    "FZW": "Fitzwilliam",
    "GAL": "Galashiels",
    "GAR": "Garrowhill",
    "GBD": "Gilberdyke",
    "GBG": "Gorebridge",
    "GBK": "Greenbank",
    "GBL": "Gainsborough Lea Road",
    "GBS": "Goring-by-Sea",
    "GCH": "Garelochhead",
    "GCR": "Gloucester",
    "GCT": "Great Coates",
    "GCW": "Glan Conwy",
    "GDH": "Gordon Hill",
    "GDL": "Godley",
    "GDN": "Godstone",
    "GDP": "Gidea Park",
    "GEA": "Gretna Green",
    "GER": "Gerrards Cross",
    "GFD": "Greenford",
    "GFF": "Gilfach Fargoed",
    "GFN": "Giffnock",
    "GGJ": "Georgemas Junction",
    "GGV": "Gargrave",
    "GIG": "Giggleswick",
    "GIL": "Gillingham (Dorset)",
    "GIP": "Gipsy Hill",
    "GIR": "Girvan",
    "GKC": "Greenock Central",
    "GKW": "Greenock West",
    "GLC": "Glasgow Central",
    "GLD": "Guildford",
    "GLE": "Gleneagles",
    "GLF": "Glenfinnan",
    "GLG": "Glengarnock",
    "GLH": "Glasshoughton",
    "GLM": "Gillingham (Kent)",
    "GLO": "Glossop",
    "GLQ": "Glasgow Queen Street",
    "GLS": "Glaisdale",
    "GLT": "Glenrothes with Thornton",
    "GLY": "Glynde",
    "GLZ": "Glazebrook",
    "GMB": "Grimsby Town",
    "GMD": "Grimsby Docks",
    "GMG": "Garth (Mid Glamorgan)",
    "GMN": "Great Missenden",
    "GMT": "Grosmont",
    "GMV": "Great Malvern",
    "GMY": "Goodmayes",
    "GNB": "Gainsborough Central",
    "GNF": "Greenfield",
    "GNH": "Greenhithe",
    "GNL": "Green Lane",
    "GNR": "Green Road",
    "GNT": "Gunton",
    "GNW": "Greenwich",
    "GOB": "Gobowen",
    "GOD": "Godalming",
    "GOE": "Goldthorpe",
    "GOF": "Golf Street",
    "GOL": "Golspie",
    "GOM": "Gomshall",
    "GOO": "Goole",
    "GOR": "Goring & Streatley",
    "GOS": "Grange-Over-Sands",
    "GOX": "Goxhill",
    "GPK": "Grange Park",
    "GPO": "Gospel Oak",
    "GRA": "Grantham",
    "GRB": "Great Bentley",
    "GRC": "Great Chesterford",
    "GRF": "Garforth",
    "GRH": "Gartcosh",
    "GRK": "Gourock",
    "GRL": "Greenfaulds",
    "GRN": "Grindleford",
    "GRP": "Grove Park",
    "GRS": "Garscadden",
    "GRT": "Grateley",
    "GRV": "Gravesend",
    "GRY": "Grays",
    "GSC": "Gilshochill",
    "GSD": "Garsdale",
    "GSL": "Gunnislake",
    "GSN": "Garston (Hertfordshire)",
    "GST": "Gathurst",
    "GSW": "Garswood",
    "GSY": "Guiseley",
    "GTA": "Great Ayton",
    "GTH": "Garth (Powys)",
    "GTN": "Grangetown (Cardiff)",
    "GTO": "Gorton",
    "GTR": "Goostrey",
    "GTW": "Gatwick Airport",
    "GTY": "Gatley",
    "GUI": "Guide Bridge",
    "GUN": "Gunnersbury",
    "GVE": "Garve",
    "GVH": "Gravelly Hill",
    "GWE": "Gwersyllt",
    "GWN": "Gowerton",
    "GYM": "Great Yarmouth",
    "GYP": "Gypsy Lane",
    "HAB": "Habrough",
    "HAC": "Hackney Downs",
    "HAD": "Haddiscoe",
    "HAF": "Heathrow Airport Terminal 4",
    "HAG": "Hagley",
    "HAI": "Halling",
    "HAL": "Hale (Manchester)",
    "HAM": "Hamworthy",
    "HAN": "Hanwell",
    "HAP": "Hatfield Peverel",
    "HAS": "Halesworth",
    "HAT": "Hatfield (Herts)",
    "HAV": "Havant",
    "HAY": "Hayes & Harlington",
    "HAZ": "Hazel Grove",
    "HBB": "Hubberts Bridge",
    "HBD": "Hebden Bridge",
    "HBN": "Hollingbourne",
    "HBP": "Hornbeam Park",
    "HBY": "Hartlebury",
    "HCB": "Hackbridge",
    "HCH": "Holmes Chapel",
    "HCN": "Headcorn",
    "HCT": "Huncoat",
    "HDB": "Haydon Bridge",
    "HDE": "Hedge End",
    "HDF": "Hadfield",
    "HDG": "Heald Green",
    "HDH": "Hampstead Heath",
    "HDL": "Headstone Lane",
    "HDM": "Haddenham & Thame Parkway",
    "HDN": "Harlesden",
    "HDW": "Hadley Wood",
    "HDY": "Headingley",
    "HEC": "Heckington",
    "HED": "Halewood",
    "HEI": "Heighington",
    "HEL": "Hensall",
    "HEN": "Hendon",
    "HER": "Hersham",
    "HES": "Hessle",
    "HEV": "Hever",
    "HEW": "Heworth",
    "HEX": "Hexham",
    "HFD": "Hereford",
    "HFE": "Hertford East",
    "HFN": "Hertford North",
    "HFS": "Hatfield & Stainforth",
    "HFX": "Halifax",
    "HGD": "Hungerford",
    "HGF": "Hag Fold",
    "HGG": "Haggerston",
    "HGM": "Higham (Kent)",
    "HGN": "Hough Green",
    "HGR": "Hither Green",
    "HGS": "Hastings",
    "HGT": "Harrogate",
    "HGY": "Harringay",
    "HHB": "Heysham Port",
    "HHD": "Holyhead",
    "HHE": "Haywards Heath",
    "HHL": "Heath High Level",
    "HHY": "Highbury & Islington",
    "HIA": "Hampton-in-Arden",
    "HIB": "High Brooms",
    "HID": "Hall-i'-th'-Wood",
    "HIG": "Highbridge & Burnham",
    "HIL": "Hillside",
    "HIN": "Hindley",
    "HIP": "Highams Park",
    "HIR": "Horton-in-Ribblesdale",
    "HIT": "Hitchin",
    "HKC": "Hackney Central",
    "HKH": "Hawkhead",
    "HKM": "Hykeham",
    "HKN": "Hucknall",
    "HKW": "Hackney Wick",
    "HLB": "Hildenborough",
    "HLC": "Helensburgh Central",
    "HLD": "Hellifield",
    "HLE": "Hillington East",
    "HLF": "Hillfoot",
    "HLG": "Hall Green",
    "HLI": "Healing",
    "HLL": "Heath Low Level",
    "HLM": "Holmwood",
    "HLN": "Harlington (Beds)",
    "HLR": "Hall Road",
    "HLS": "Hilsea",
    "HLU": "Helensburgh Upper",
    "HLW": "Hillington West",
    "HLY": "Holytown",
    "HMC": "Hampton Court",
    "HMD": "Hampden Park (Sussex)",
    "HME": "Hamble",
    "HML": "Hemel Hempstead",
    "HMM": "Hammerton",
    "HMN": "Homerton",
    "HMP": "Hampton (London)",
    "HMS": "Helmsdale",
    "HMT": "Ham Street",
    "HMW": "Hampton Wick",
    "HMY": "Hairmyres",
    "HNA": "Hinton Admiral",
    "HNB": "Herne Bay",
    "HNC": "Hamilton Central",
    "HND": "Hanborough",
    "HNF": "Hednesford",
    "HNG": "Hengoed",
    "HNH": "Herne Hill",
    "HNK": "Hinckley (Leics)",
    "HNL": "Henley-in-Arden",
    "HNT": "Huntly",
    "HNW": "Hamilton West",
    "HNX": "Hunts Cross",
    "HOC": "Hockley",
    "HOH": "Harrow-on-the-Hill",
    "HOK": "Hook",
    "HOL": "Holton Heath",
    "HON": "Honiton",
    "HOO": "Hooton",
    "HOP": "Hope (Derbyshire)",
    "HOR": "Horley",
    "HOT": "Henley-on-Thames",
    "HOU": "Hounslow",
    "HOV": "Hove",
    "HOW": "Howden",
    "HOX": "Hoxton",
    "HOY": "Honley",
    "HOZ": "Howwood (Renfrewshire)",
    "HPA": "Honor Oak Park",
    "HPD": "Harpenden",
    "HPE": "Hope (Flintshire)",
    "HPL": "Hartlepool",
    "HPN": "Hapton",
    "HPQ": "Harwich International",
    "HPT": "Hopton Heath",
    "HRD": "Harling Road",
    "HRH": "Horsham",
    "HRL": "Harlech",
    "HRM": "Harrietsham",
    "HRN": "Hornsey",
    "HRO": "Harold Wood",
    "HRR": "Harrington",
    "HRS": "Horsforth",
    "HRW": "Harrow & Wealdstone",
    "HRY": "Harringay Green Lanes",
    "HSB": "Helsby",
    "HSC": "Hoscar",
    "HSD": "Hamstead (Birmingham)",
    "HSG": "Hathersage",
    "HSK": "Hassocks",
    "HSL": "Haslemere",
    "HST": "High Street (Glasgow)",
    "HSW": "Heswall",
    "HSY": "Horsley",
    "HTC": "Heaton Chapel",
    "HTE": "Hatch End",
    "HTF": "Hartford (Cheshire)",
    "HTH": "Handforth",
    "HTN": "Hatton",
    "HTO": "Hightown",
    "HTW": "Hartwood",
    "HTY": "Hattersley",
    "HUB": "Hunmanby",
    "HUD": "Huddersfield",
    "HUL": "Hull",
    "HUN": "Huntingdon",
    "HUP": "Humphrey Park",
    "HUR": "Hurst Green",
    "HUT": "Hutton Cranswick",
    "HUY": "Huyton",
    "HVF": "Haverfordwest",
    "HVN": "Havenhouse",
    "HWB": "Hawarden Bridge",
    "HWC": "Harwich Town",
    "HWD": "Hawarden",
    "HWH": "Haltwhistle",
    "HWI": "Horwich Parkway",
    "HWM": "Harlow Mill",
    "HWN": "Harlow Town",
    "HWV": "Heathrow Airport Terminal 5",
    "HWW": "How Wood (Herts)",
    "HWY": "High Wycombe",
    "HXM": "Hoveton & Wroxham",
    "HXX": "Heathrow Airport Terminals 1, 2 and 3",
    "HYB": "Honeybourne",
    "HYC": "Hyde Central",
    "HYD": "Heyford",
    "HYH": "Hythe (Essex)",
    "HYK": "Hoylake",
    "HYL": "Hayle",
    "HYM": "Haymarket",
    "HYN": "Hyndland",
    "HYR": "Haydons Road",
    "HYS": "Hayes (Kent)",
    "HYT": "Hyde North",
    "HYW": "Hinchley Wood",
    "IBM": "IBM Halt",
    "IFD": "Ilford",
    "IFI": "Ifield",
    "IGD": "Invergordon",
    "ILK": "Ilkley",
    "IMW": "Imperial Wharf",
    "INC": "Ince (Manchester)",
    "INE": "Ince & Elton",
    "ING": "Invergowrie",
    "INH": "Invershin",
    "INK": "Inverkeithing",
    "INP": "Inverkip",
    "INR": "Inverurie",
    "INS": "Insch",
    "INT": "Ingatestone",
    "INV": "Inverness",
    "IPS": "Ipswich",
    "IRL": "Irlam",
    "IRV": "Irvine",
    "ISL": "Isleworth",
    "ISP": "Islip",
    "IVR": "Iver",
    "IVY": "Ivybridge",
    "JCH": "James Cook",
    "JEQ": "Jewellery Quarter",
    "JHN": "Johnstone (Strathclyde)",
    "JOH": "Johnston (Pembs)",
    "JOR": "Jordanhill",
    "KBC": "Kinbrace",
    "KBF": "Kirkby-in-Furness",
    "KBK": "Kents Bank",
    "KBN": "Kilburn High Road",
    "KBW": "Knebworth",
    "KBX": "Kirby Cross",
    "KCK": "Knockholt",
    "KDB": "Kidbrooke",
    "KDG": "Kidsgrove",
    "KDY": "Kirkcaldy",
    "KEH": "Keith",
    "KEI": "Keighley",
    "KEL": "Kelvedon",
    "KEM": "Kemble",
    "KEN": "Kendal",
    "KET": "Kettering",
    "KEY": "Keyham",
    "KGE": "Kingsknowe",
    "KGH": "Kinghorn",
    "KGL": "Kings Langley",
    "KGM": "Kingham",
    "KGN": "Kings Nympton",
    "KGP": "Kings Park",
    "KGS": "Kings Sutton",
    "KGT": "Kilgetty",
    "KGX": "London Kings Cross",
    "KID": "Kidderminster",
    "KIL": "Kildonan",
    "KIN": "Kingussie",
    "KIR": "Kirkby (Merseyside)",
    "KIT": "Kintbury",
    "KIV": "Kiveton Bridge",
    "KKB": "Kirkby-in-Ashfield",
    "KKD": "Kirkdale",
    "KKH": "Kirkhill",
    "KKM": "Kirkham & Wesham",
    "KKN": "Kirknewton",
    "KKS": "Kirk Sandall",
    "KLD": "Kildale",
    "KLF": "Kirkstall Forge",
    "KLM": "Kilmaurs",
    "KLN": "Kings Lynn",
    "KLY": "Kenley",
    "KMH": "Kempston Hardwick",
    "KMK": "Kilmarnock",
    "KML": "Kemsley",
    "KMP": "Kempton Park Racecourse",
    "KMS": "Kemsing",
    "KNA": "Knaresborough",
    "KND": "Kingswood",
    "KNE": "Kennett",
    "KNF": "Knutsford",
    "KNG": "Kingston",
    "KNI": "Knighton",
    "KNL": "Kensal Green",
    "KNN": "Kings Norton",
    "KNO": "Knottingley",
    "KNR": "Kensal Rise",
    "KNS": "Kennishead",
    "KNT": "Kenton",
    "KNU": "Knucklas",
    "KPA": "Kensington Olympia",
    "KPT": "Kilpatrick",
    "KRK": "Kirkconnel",
    "KSL": "Kearsley (Manchester)",
    "KSN": "Kearsney (Kent)",
    "KSW": "Kirkby Stephen",
    "KTH": "Kent House",
    "KTL": "Kirton Lindsey",
    "KTN": "Kentish Town",
    "KTW": "Kentish Town West",
    "KVD": "Kelvindale",
    "KVP": "Kiveton Park",
    "KWB": "Kew Bridge",
    "KWD": "Kirkwood",
    "KWG": "Kew Gardens",
    "KWL": "Kidwelly",
    "KWN": "Kilwinning",
    "KYL": "Kyle of Lochalsh",
    "KYN": "Keynsham",
    "LAC": "Lancing",
    "LAD": "Ladywell",
    "LAG": "Langwith-Whaley Thorns",
    "LAI": "Laindon",
    "LAK": "Lakenheath",
    "LAM": "Lamphey",
    "LAN": "Lancaster",
    "LAP": "Lapford",
    "LAR": "Largs",
    "LAS": "Llansamlet",
    "LAU": "Laurencekirk",
    "LAW": "Landywood",
    "LAY": "Layton (Lancs)",
    "LBG": "London Bridge",
    "LBK": "Long Buckby",
    "LBO": "Loughborough",
    "LBR": "Llanbedr",
    "LBT": "Larbert",
    "LBZ": "Leighton Buzzard",
    "LCC": "Lochluichart",
    "LCG": "Lochgelly",
    "LCK": "Lockwood",
    "LCL": "Lochailort",
    "LCN": "Lincoln Central",
    "LCS": "Locheilside",
    "LDN": "Llandanwg",
    "LDS": "Leeds",
    "LDY": "Ladybank",
    "LEA": "Leagrave",
    "LEB": "Lea Bridge",
    "LED": "Ledbury",
    "LEE": "Lee (London)",
    "LEG": "Lea Green",
    "LEH": "Lea Hall",
    "LEI": "Leicester",
    "LEL": "Lelant",
    "LEM": "Leyton Midland Road",
    "LEN": "Lenham",
    "LEO": "Leominster",
    "LER": "Leytonstone High Road",
    "LES": "Leigh-on-Sea",
    "LET": "Letchworth Garden City",
    "LEU": "Leuchars (for St. Andrews)",
    "LEW": "Lewisham",
    "LEY": "Leyland",
    "LFD": "Lingfield",
    "LGB": "Langbank",
    "LGD": "Lingwood",
    "LGE": "Long Eaton",
    "LGF": "Longfield",
    "LGG": "Langley Green",
    "LGJ": "Loughborough Junction",
    "LGK": "Longbeck",
    "LGM": "Langley Mill",
    "LGN": "Longton",
    "LGO": "Llangynllo",
    "LGS": "Langside",
    "LGW": "Langwathby",
    "LHA": "Loch Awe",
    "LHD": "Leatherhead",
    "LHE": "Loch Eil Outward Bound",
    "LHM": "Lealholm",
    "LHO": "Langho",
    "LHS": "Limehouse",
    "LHW": "Lochwinnoch",
    "LIC": "Lichfield City",
    "LID": "Lidlington",
    "LIH": "Leigh (Kent)",
    "LIN": "Linlithgow",
    "LIP": "Liphook",
    "LIS": "Liss",
    "LIT": "Littlehampton",
    "LIV": "Liverpool Lime Street",
    "LKE": "Lake",
    "LLA": "Llanaber",
    "LLC": "Llandecwyn",
    "LLD": "Llandudno",
    "LLE": "Llanelli",
    "LLF": "Llanfairfechan",
    "LLG": "Llangadog",
    "LLH": "Llangennech",
    "LLI": "Llandybie",
    "LLJ": "Llandudno Junction",
    "LLL": "Llandeilo",
    "LLM": "Llangammarch",
    "LLN": "Llandaf",
    "LLO": "Llandrindod",
    "LLR": "Llanharan",
    "LLS": "Llanishen",
    "LLT": "Llanbister Road",
    "LLV": "Llandovery",
    "LLW": "Llwyngwril",
    "LLY": "Llwynypia",
    "LMS": "Leamington Spa",
    "LNB": "Llanbradach",
    "LND": "Longniddry",
    "LNG": "Longcross",
    "LNK": "Lanark",
    "LNR": "Llanwrda",
    "LNW": "Llanwrtyd",
    "LNY": "Langley (Berks)",
    "LNZ": "Lenzie",
    "LOB": "Longbridge",
    "LOC": "Lockerbie",
    "LOF": "London Fields",
    "LOH": "Lostock Hall",
    "LOO": "Looe",
    "LOS": "Lostwithiel",
    "LOT": "Lostock",
    "LOW": "Lowdham",
    "LPG": "Llanfairpwll",
    "LPR": "Long Preston",
    "LPT": "Longport",
    "LPW": "Lapworth",
    "LPY": "Liverpool South Parkway",
    "LRB": "London Road (Brighton)",
    "LRD": "London Road (Guildford)",
    "LRG": "Lairg",
    "LRH": "Larkhall",
    "LSK": "Liskeard",
    "LSN": "Livingston North",
    "LST": "London Liverpool Street",
    "LSW": "Leasowe",
    "LSY": "Lower Sydenham",
    "LTG": "Lostock Gralam",
    "LTH": "Llanhilleth",
    "LTK": "Little Kimble",
    "LTL": "Littleborough",
    "LTM": "Lytham",
    "LTN": "Luton Airport Parkway",
    "LTP": "Littleport",
    "LTS": "Lelant Saltings",
    "LTT": "Little Sutton",
    "LTV": "Lichfield Trent Valley",
    "LUD": "Ludlow",
    "LUT": "Luton",
    "LUX": "Luxulyan",
    "LVC": "Liverpool Central",
    "LVG": "Livingston South",
    "LVJ": "Liverpool James Street",
    "LVM": "Levenshulme",
    "LVN": "Littlehaven",
    "LVT": "Lisvane & Thornhill",
    "LWH": "Lawrence Hill",
    "LWM": "Llantwit Major",
    "LWR": "Llanrwst",
    "LWS": "Lewes",
    "LWT": "Lowestoft",
    "LYC": "Lympstone Commando",
    "LYD": "Lydney",
    "LYE": "Lye (West Midlands)",
    "LYM": "Lympstone Village",
    "LYP": "Lymington Pier",
    "LYT": "Lymington Town",
    "LZB": "Lazonby & Kirkoswald",
    "MAC": "Macclesfield",
    "MAG": "Maghull",
    "MAI": "Maidenhead",
    "MAL": "Malden Manor",
    "MAN": "Manchester Piccadilly",
    "MAO": "Martins Heron",
    "MAR": "Margate",
    "MAS": "Manors",
    "MAT": "Matlock",
    "MAU": "Mauldeth Road",
    "MAX": "Maxwell Park",
    "MAY": "Maybole",
    "MBK": "Millbrook (Hants)",
    "MBR": "Middlesbrough",
    "MCB": "Moulsecoomb",
    "MCE": "MetroCentre",
    "MCH": "March",
    "MCM": "Morecambe",
    "MCN": "Machynlleth",
    "MCO": "Manchester Oxford Road",
    "MCV": "Manchester Victoria",
    "MDB": "Maidstone Barracks",
    "MDE": "Maidstone East",
    "MDG": "Midgham",
    "MDL": "Middlewood",
    "MDN": "Maiden Newton",
    "MDS": "Morden South",
    "MDW": "Maidstone West",
    "MEC": "Meols Cop",
    "MEL": "Meldreth",
    "MEN": "Menheniot",
    "MEO": "Meols",
    "MEP": "Meopham",
    "MER": "Merthyr Tydfil",
    "MES": "Melton (Suffolk)",
    "MEV": "Merthyr Vale",
    "MEW": "Maesteg (Ewenny Road)",
    "MEX": "Mexborough",
    "MEY": "Merryton",
    "MFA": "Morfa Mawddach",
    "MFF": "Minffordd",
    "MFH": "Milford Haven",
    "MFL": "Mount Florida",
    "MFT": "Mansfield",
    "MGM": "Metheringham",
    "MGN": "Marston Green",
    "MHM": "Merstham",
    "MHR": "Market Harborough",
    "MHS": "Meadowhall",
    "MIA": "Manchester Airport",
    "MIC": "Micheldever",
    "MIH": "Mills Hill (Manchester)",
    "MIJ": "Mitcham Junction",
    "MIK": "Micklefield",
    "MIL": "Mill Hill Broadway",
    "MIM": "Moreton-in-Marsh",
    "MIN": "Milliken Park",
    "MIR": "Mirfield",
    "MIS": "Mistley",
    "MKC": "Milton Keynes Central",
    "MKM": "Melksham",
    "MKR": "Market Rasen",
    "MKT": "Marks Tey",
    "MLB": "Millbrook (Beds)",
    "MLD": "Mouldsworth",
    "MLF": "Milford (Surrey)",
    "MLG": "Mallaig",
    "MLH": "Mill Hill (Lancs)",
    "MLM": "Millom",
    "MLN": "Milngavie",
    "MLT": "Malton",
    "MLW": "Marlow",
    "MLY": "Morley",
    "MMO": "Melton Mowbray",
    "MNC": "Markinch",
    "MNE": "Manea",
    "MNG": "Manningtree",
    "MNN": "Menston",
    "MNP": "Manor Park",
    "MNR": "Manor Road",
    "MOB": "Mobberley",
    "MOG": "Moorgate",
    "MON": "Monifieth",
    "MOO": "Muir of Ord",
    "MOR": "Mortimer",
    "MOS": "Moss Side",
    "MOT": "Motspur Park",
    "MPK": "Mosspark",
    "MPL": "Marple",
    "MPT": "Morpeth",
    "MRB": "Manorbier",
    "MRD": "Morchard Road",
    "MRF": "Moorfields",
    "MRN": "Marden (Kent)",
    "MRP": "Moorthorpe",
    "MRR": "Morar",
    "MRS": "Monks Risborough",
    "MRT": "Moreton (Merseyside)",
    "MRY": "Maryport",
    "MSD": "Moorside",
    "MSH": "Mossley Hill",
    "MSK": "Marske",
    "MSL": "Mossley (Manchester)",
    "MSN": "Marsden (Yorks)",
    "MSO": "Moston",
    "MSR": "Minster",
    "MSS": "Moses Gate",
    "MST": "Maesteg",
    "MSW": "Mansfield Woodhouse",
    "MTA": "Mountain Ash",
    "MTB": "Matlock Bath",
    "MTC": "Mitcham Eastfields",
    "MTG": "Mottingham",
    "MTH": "Motherwell",
    "MTL": "Mortlake",
    "MTM": "Martin Mill",
    "MTN": "Moreton (Dorset)",
    "MTO": "Marton",
    "MTP": "Montpelier",
    "MTS": "Montrose",
    "MTV": "Mount Vernon",
    "MUB": "Musselburgh",
    "MUF": "Manchester United Football Ground",
    "MUI": "Muirend",
    "MVL": "Malvern Link",
    "MYB": "London Marylebone",
    "MYH": "Maryhill",
    "MYL": "Maryland",
    "MYT": "Mytholmroyd",
    "MZH": "Maze Hill",
    "NAN": "Nantwich",
    "NAR": "Narberth",
    "NAY": "Newton Aycliffe",
    "NBA": "New Barnet",
    "NBC": "New Beckenham",
    "NBE": "Newbridge",
    "NBN": "New Brighton",
    "NBR": "Narborough",
    "NBT": "Norbiton",
    "NBW": "North Berwick",
    "NBY": "Newbury",
    "NCE": "New Clee",
    "NCK": "New Cumnock",
    "NCL": "Newcastle",
    "NCM": "North Camp",
    "NCO": "Newcourt",
    "NCT": "Newark Castle",
    "NDL": "North Dulwich",
    "NEG": "Newtongrange",
    "NEH": "New Eltham",
    "NEI": "Neilston",
    "NEL": "Nelson",
    "NEM": "New Malden",
    "NES": "Neston",
    "NET": "Netherfield",
    "NEW": "Newcraighall",
    "NFA": "North Fambridge",
    "NFD": "Northfield",
    "NFL": "Northfleet",
    "NFN": "Nafferton",
    "NGT": "Newington",
    "NHD": "Nunhead",
    "NHE": "New Hythe",
    "NHL": "New Holland",
    "NIT": "Nitshill",
    "NLN": "New Lane",
    "NLR": "North Llanrwst",
    "NLS": "Nailsea & Backwell",
    "NLT": "Northolt Park",
    "NLW": "Newton-le-Willows",
    "NMC": "New Mills Central",
    "NMK": "Newmarket",
    "NMN": "New Mills Newtown",
    "NMP": "Northampton",
    "NMT": "Needham Market",
    "NNG": "Newark North Gate",
    "NNP": "Ninian Park",
    "NNT": "Nunthorpe",
    "NOA": "Newton-on-Ayr",
    "NOR": "Normanton",
    "NOT": "Nottingham",
    "NPD": "New Pudsey",
    "NQU": "North Queensferry",
    "NQY": "Newquay",
    "NRB": "Norbury",
    "NRC": "Newbury Racecourse",
    "NRD": "North Road (Darlington)",
    "NRN": "Nairn",
    "NRT": "Nethertown",
    "NRW": "Norwich",
    "NSB": "Normans Bay",
    "NSD": "Newstead",
    "NSG": "New Southgate",
    "NSH": "North Sheen",
    "NTA": "Newton Abbot",
    "NTB": "Norton Bridge",
    "NTC": "Newton St Cyres",
    "NTH": "Neath",
    "NTL": "Netley",
    "NTN": "Newton (Lanark)",
    "NTR": "Northallerton",
    "NUF": "Nutfield",
    "NUM": "Northumberland Park",
    "NUN": "Nuneaton",
    "NUT": "Nutbourne",
    "NVH": "Newhaven Harbour",
    "NVN": "Newhaven Town",
    "NVR": "Navigation Road",
    "NWA": "North Walsham",
    "NWB": "North Wembley",
    "NWD": "Norwood Junction",
    "NWE": "Newport (Essex)",
    "NWI": "Northwich",
    "NWM": "New Milton",
    "NWN": "Newton for Hyde",
    "NWP": "Newport (South Wales)",
    "NWR": "Newtonmore",
    "NWT": "Newtown (Powys)",
    "NWX": "New Cross",
    "NXG": "New Cross Gate",
    "OBN": "Oban",
    "OCK": "Ockendon",
    "OHL": "Old Hill",
    "OKE": "Okehampton",
    "OKL": "Oakleigh Park",
    "OKM": "Oakham",
    "OKN": "Oakengates",
    "OLD": "Old Street",
    "OLF": "Oldfield Park",
    "OLT": "Olton",
    "OLY": "Ockley",
    "OMS": "Ormskirk",
    "OPK": "Orrell Park",
    "ORE": "Ore",
    "ORN": "Old Roan",
    "ORP": "Orpington",
    "ORR": "Orrell",
    "OTF": "Otford",
    "OUN": "Oulton Broad North",
    "OUS": "Oulton Broad South",
    "OUT": "Outwood",
    "OVE": "Overpool",
    "OVR": "Overton",
    "OXF": "Oxford",
    "OXN": "Oxenholme Lake District",
    "OXP": "Oxford Parkway",
    "OXS": "Oxshott",
    "OXT": "Oxted",
    "PAD": "London Paddington",
    "PAL": "Palmers Green",
    "PAN": "Pangbourne",
    "PAR": "Par",
    "PAT": "Patricroft",
    "PBL": "Parbold",
    "PBO": "Peterborough",
    "PBR": "Potters Bar",
    "PBY": "Pembrey & Burry Port",
    "PCD": "Pencoed",
    "PCN": "Paisley Canal",
    "PDG": "Padgate",
    "PDW": "Paddock Wood",
    "PEA": "Peartree",
    "PEB": "Pevensey Bay",
    "PEG": "Pegswood",
    "PEM": "Pemberton",
    "PEN": "Penarth",
    "PER": "Penrhiwceiber",
    "PES": "Pensarn (Gwynedd)",
    "PET": "Petts Wood",
    "PEV": "Pevensey & Westham",
    "PEW": "Pewsey",
    "PFL": "Purfleet",
    "PFM": "Pontefract Monkhill",
    "PFR": "Pontefract Baghill",
    "PFY": "Poulton-le-Fylde",
    "PGM": "Pengam",
    "PGN": "Paignton",
    "PHG": "Penhelig",
    "PHR": "Penshurst",
    "PIL": "Pilning",
    "PIN": "Pinhoe",
    "PIT": "Pitlochry",
    "PKG": "Penkridge",
    "PKS": "Parkstone (Dorset)",
    "PKT": "Park Street",
    "PLC": "Pluckley",
    "PLD": "Portslade",
    "PLE": "Pollokshields East",
    "PLG": "Polegate",
    "PLK": "Plockton",
    "PLM": "Plumley",
    "PLN": "Portlethen",
    "PLS": "Pleasington",
    "PLT": "Pontlottyn",
    "PLU": "Plumstead",
    "PLW": "Pollokshields West",
    "PLY": "Plymouth",
    "PMA": "Portsmouth Arms",
    "PMB": "Pembroke",
    "PMD": "Pembroke Dock",
    "PMH": "Portsmouth Harbour",
    "PMP": "Plumpton",
    "PMR": "Peckham Rye",
    "PMS": "Portsmouth & Southsea",
    "PMT": "Polmont",
    "PMW": "Penmaenmawr",
    "PNA": "Penally",
    "PNC": "Penychain",
    "PNE": "Penge East",
    "PNF": "Penyffordd",
    "PNL": "Pannal",
    "PNM": "Penmere",
    "PNR": "Penrith (North Lakes)",
    "PNS": "Penistone",
    "PNW": "Penge West",
    "PNY": "Pen-y-Bont",
    "PNZ": "Penzance",
    "POK": "Pokesdown",
    "POL": "Polsloe Bridge",
    "PON": "Ponders End",
    "POO": "Poole",
    "POP": "Poppleton",
    "POR": "Porth",
    "POT": "Pontefract Tanshelf",
    "PPD": "Pontypridd",
    "PPK": "Possilpark & Parkhouse",
    "PPL": "Pontypool & New Inn",
    "PRA": "Prestwick International Airport",
    "PRB": "Prestbury",
    "PRE": "Preston (Lancs)",
    "PRH": "Penrhyndeudraeth",
    "PRL": "Prittlewell",
    "PRN": "Parton",
    "PRP": "Preston Park",
    "PRR": "Princes Risborough",
    "PRS": "Prees",
    "PRT": "Prestatyn",
    "PRU": "Prudhoe",
    "PRW": "Perranwell",
    "PRY": "Perry Barr",
    "PSC": "Prescot",
    "PSE": "Pitsea",
    "PSH": "Pershore",
    "PSL": "Port Sunlight",
    "PSN": "Parson Street",
    "PST": "Prestonpans",
    "PSW": "Polesworth",
    "PTA": "Port Talbot Parkway",
    "PTB": "Pentre-Bach",
    "PTC": "Portchester",
    "PTD": "Pontarddulais",
    "PTF": "Pantyffynnon",
    "PTG": "Port Glasgow",
    "PTH": "Perth",
    "PTK": "Partick",
    "PTL": "Priesthill & Darnley",
    "PTM": "Porthmadog",
    "PTR": "Petersfield",
    "PTT": "Patterton",
    "PTW": "Prestwick Town",
    "PUL": "Pulborough",
    "PUO": "Purley Oaks",
    "PUR": "Purley",
    "PUT": "Putney",
    "PWE": "Pollokshaws East",
    "PWL": "Pwllheli",
    "PWW": "Pollokshaws West",
    "PWY": "Patchway",
    "PYC": "Pontyclun",
    "PYE": "Pye Corner",
    "PYG": "Paisley Gilmour Street",
    "PYJ": "Paisley St James",
    "PYL": "Pyle",
    "PYN": "Penryn (Cornwall)",
    "PYP": "Pont-y-Pant",
    "PYT": "Poynton",
    "QBR": "Queenborough",
    "QPK": "Queens Park (Glasgow)",
    "QPW": "Queens Park (London)",
    "QRB": "Queenstown Road (Battersea)",
    "QRP": "Queens Road (Peckham)",
    "QUI": "Quintrell Downs",
    "QYD": "Quakers Yard",
    "RAD": "Radley",
    "RAI": "Rainham (Kent)",
    "RAM": "Ramsgate",
    "RAN": "Rannoch",
    "RAU": "Rauceby",
    "RAV": "Ravenglass for Eskdale",
    "RAY": "Raynes Park",
    "RBR": "Robertsbridge",
    "RBS": "Redcar British Steel",
    "RCA": "Risca & Pontymister",
    "RCC": "Redcar Central",
    "RCD": "Rochdale",
    "RCE": "Redcar East",
    "RDA": "Redland",
    "RDB": "Redbridge",
    "RDC": "Redditch",
    "RDD": "Riddlesdown",
    "RDF": "Radcliffe-on-Trent",
    "RDG": "Reading",
    "RDH": "Redhill",
    "RDM": "Riding Mill",
    "RDN": "Reddish North",
    "RDR": "Radyr",
    "RDS": "Reddish South",
    "RDT": "Radlett",
    "RDW": "Reading West",
    "REC": "Rectory Road",
    "RED": "Redruth",
    "REE": "Reedham (Norfolk)",
    "REI": "Reigate",
    "RET": "Retford",
    "RFD": "Rochford",
    "RFY": "Rock Ferry",
    "RGL": "Rugeley Trent Valley",
    "RGT": "Rugeley Town",
    "RGW": "Ramsgreave & Wilpshire",
    "RHD": "Ribblehead",
    "RHI": "Rhiwbina",
    "RHL": "Rhyl",
    "RHM": "Reedham (Surrey)",
    "RHO": "Rhosneigr",
    "RHY": "Rhymney",
    "RIA": "Rhoose Cardiff International Airport",
    "RIC": "Rickmansworth",
    "RID": "Ridgmont",
    "RIL": "Rice Lane",
    "RIS": "Rishton",
    "RKT": "Ruskington",
    "RLG": "Rayleigh",
    "RLN": "Rowlands Castle",
    "RMB": "Roman Bridge",
    "RMC": "Rotherham Central",
    "RMD": "Richmond (London)",
    "RMF": "Romford",
    "RML": "Romiley",
    "RNF": "Rainford",
    "RNH": "Rainhill",
    "RNM": "Rainham (Essex)",
    "RNR": "Roughton Road",
    "ROB": "Roby",
    "ROC": "Roche",
    "ROE": "Rotherhithe",
    "ROG": "Rogart",
    "ROL": "Rolleston",
    "ROM": "Romsey",
    "ROO": "Roose",
    "ROR": "Rogerstone",
    "ROS": "Rosyth",
    "ROW": "Rowley Regis",
    "RRB": "Ryder Brow",
    "RSG": "Rose Grove",
    "RSH": "Rose Hill Marple",
    "RTN": "Renton",
    "RTR": "Rochester",
    "RUA": "Ruabon",
    "RUE": "Runcorn East",
    "RUF": "Rufford",
    "RUG": "Rugby",
    "RUN": "Runcorn",
    "RUS": "Ruswarp",
    "RUT": "Rutherglen",
    "RVB": "Ravensbourne",
    "RVN": "Ravensthorpe",
    "RWC": "Rawcliffe",
    "RYB": "Roy Bridge",
    "RYD": "Ryde Esplanade",
    "RYE": "Rye (Sussex)",
    "RYH": "Rye House",
    "RYN": "Roydon",
    "RYP": "Ryde Pier Head",
    "RYR": "Ryde St Johns Road",
    "RYS": "Royston",
    "SAA": "St Albans Abbey",
    "SAB": "Smallbrook Junction",
    "SAC": "St Albans City",
    "SAD": "Sandwell & Dudley",
    "SAE": "Saltaire",
    "SAF": "Salfords (Surrey)",
    "SAH": "Salhouse",
    "SAJ": "St Johns (London)",
    "SAL": "Salisbury",
    "SAM": "Saltmarshe",
    "SAN": "Sandown",
    "SAR": "St Andrews Road",
    "SAS": "St Annes-on-Sea",
    "SAT": "South Acton",
    "SAU": "St Austell",
    "SAV": "Stratford-upon-Avon",
    "SAW": "Sawbridgeworth",
    "SAX": "Saxmundham",
    "SAY": "Swanley",
    "SBE": "Starbeck",
    "SBF": "St Budeaux Ferry Road",
    "SBJ": "Stourbridge Junction",
    "SBK": "South Bank",
    "SBM": "South Bermondsey",
    "SBP": "Stonebridge Park",
    "SBR": "Spean Bridge",
    "SBS": "St Bees",
    "SBT": "Stourbridge Town",
    "SBU": "Southbury",
    "SBV": "St Budeaux Victoria Road",
    "SBY": "Selby",
    "SCA": "Scarborough",
    "SCF": "Stechford",
    "SCG": "Stone Crossing",
    "SCH": "Scotstounhill",
    "SCR": "St Columb Road",
    "SCS": "Starcross",
    "SCT": "Scotscalder",
    "SCU": "Scunthorpe",
    "SCY": "South Croydon",
    "SDA": "Snodland",
    "SDB": "Sandbach",
    "SDC": "Shoreditch High Street",
    "SDE": "Shadwell",
    "SDF": "Saundersfoot",
    "SDG": "Sandling",
    "SDH": "Sudbury Hill Harrow",
    "SDL": "Sandhills",
    "SDM": "Shieldmuir",
    "SDN": "St Denys",
    "SDP": "Sandplace",
    "SDR": "Saunderton",
    "SDW": "Sandwich",
    "SDY": "Sandy",
    "SEA": "Seaham",
    "SEC": "Seaton Carew",
    "SED": "Shelford (Cambs)",
    "SEE": "Southease",
    "SEF": "Seaford (Sussex)",
    "SEG": "Selling",
    "SEH": "Shoreham (Kent)",
    "SEL": "Sellafield",
    "SEM": "Seamer",
    "SEN": "Shenstone",
    "SER": "St Erth",
    "SES": "South Elmsall",
    "SET": "Settle",
    "SEV": "Sevenoaks",
    "SFA": "Stratford International",
    "SFD": "Salford Central",
    "SFI": "Shawfair",
    "SFL": "Seaforth & Litherland",
    "SFN": "Shifnal",
    "SFO": "Stanford-le-Hope",
    "SFR": "Shalford (Surrey)",
    "SGB": "Smethwick Galton Bridge",
    "SGL": "South Gyle",
    "SGM": "St Germans",
    "SGN": "South Greenford",
    "SGR": "Slade Green",
    "SHB": "Shirebrook",
    "SHC": "Streethouse",
    "SHD": "Shildon",
    "SHE": "Sherborne",
    "SHF": "Sheffield",
    "SHH": "Shirehampton",
    "SHI": "Shiplake",
    "SHJ": "St Helens Junction",
    "SHL": "Shawlands",
    "SHM": "Sheringham",
    "SHN": "Shanklin",
    "SHO": "Sholing",
    "SHP": "Shepperton",
    "SHR": "Shrewsbury",
    "SHS": "Shotts",
    "SHT": "Shotton",
    "SHU": "Stonehouse",
    "SHW": "Shawford",
    "SHY": "Shipley (Yorks)",
    "SIA": "Southend Airport",
    "SIC": "Silecroft",
    "SID": "Sidcup",
    "SIE": "Sherburn-in-Elmet",
    "SIH": "St Helier (Surrey)",
    "SIL": "Sileby",
    "SIN": "Singer",
    "SIP": "Shipton",
    "SIT": "Sittingbourne",
    "SIV": "St Ives (Cornwall)",
    "SJP": "St James Park (Exeter)",
    "SJS": "St James Street (Walthamstow)",
    "SKE": "Skewen",
    "SKG": "Skegness",
    "SKI": "Skipton",
    "SKM": "Stoke Mandeville",
    "SKN": "St Keyne Wishing Well Halt",
    "SKS": "Stocksfield",
    "SKW": "Stoke Newington",
    "SLA": "Slateford",
    "SLB": "Saltburn",
    "SLD": "Salford Crescent",
    "SLH": "Sleights",
    "SLK": "Silkstone Common",
    "SLL": "Stallingborough",
    "SLO": "Slough",
    "SLQ": "St Leonards Warrior Square",
    "SLR": "Sleaford",
    "SLS": "Shettleston",
    "SLT": "Saltcoats",
    "SLV": "Silver Street",
    "SLW": "Salwick",
    "SLY": "Selly Oak",
    "SMA": "Small Heath",
    "SMB": "Smithy Bridge",
    "SMC": "Sampford Courtenay",
    "SMD": "Stamford (Lincs)",
    "SMG": "St Margarets (London)",
    "SMH": "Stamford Hill",
    "SMK": "Stowmarket",
    "SML": "Sea Mills",
    "SMN": "Southminster",
    "SMO": "South Merton",
    "SMR": "Smethwick Rolfe Street",
    "SMT": "St Margarets (Herts)",
    "SMY": "St Mary Cray",
    "SNA": "Sandal & Agbrigg",
    "SND": "Sandhurst (Berks)",
    "SNE": "Stone (Staffs)",
    "SNF": "Shenfield",
    "SNG": "Sunningdale",
    "SNH": "St Helens Central",
    "SNI": "Snaith",
    "SNK": "Sankey for Penketh",
    "SNL": "Stoneleigh",
    "SNN": "Swinton (Manchester)",
    "SNO": "St Neots",
    "SNR": "Sanderstead",
    "SNS": "Staines",
    "SNT": "Stanlow & Thornton",
    "SNW": "Swanwick",
    "SNY": "Sunnymeads",
    "SOA": "Southampton Airport Parkway",
    "SOB": "Southbourne",
    "SOC": "Southend Central",
    "SOE": "Southend East",
    "SOF": "South Woodham Ferrers",
    "SOG": "Stonegate",
    "SOH": "South Hampstead",
    "SOI": "Stow",
    "SOK": "South Kenton",
    "SOL": "Solihull",
    "SOM": "South Milford",
    "SON": "Steeton & Silsden",
    "SOO": "Strood (Kent)",
    "SOP": "Southport",
    "SOR": "Sole Street",
    "SOT": "Stoke-on-Trent",
    "SOU": "Southampton Central",
    "SOV": "Southend Victoria",
    "SOW": "Sowerby Bridge",
    "SPA": "Spalding",
    "SPB": "Shepherd's Bush",
    "SPF": "Springfield",
    "SPH": "Shepherds Well",
    "SPI": "Spital",
    "SPK": "Sutton Parkway",
    "SPN": "Spooner Row",
    "SPO": "Spondon",
    "SPP": "Shippea Hill",
    "SPR": "Springburn",
    "SPS": "Stepps",
    "SPT": "Stockport",
    "SPU": "Staplehurst",
    "SPY": "Shepley",
    "SQE": "Surrey Quays",
    "SQH": "Sanquhar",
    "SQU": "Squires Gate",
    "SRA": "Stratford (London)",
    "SRC": "Streatham Common",
    "SRD": "Stapleton Road",
    "SRG": "Seer Green & Jordans",
    "SRH": "Streatham Hill",
    "SRI": "Spring Road",
    "SRL": "Shirley",
    "SRN": "Strines",
    "SRO": "Shireoaks",
    "SRR": "Sarn",
    "SRS": "Selhurst",
    "SRT": "Shortlands",
    "SRU": "South Ruislip",
    "SRY": "Shoeburyness",
    "SSC": "Seascale",
    "SSD": "Stansted Airport",
    "SSE": "Shoreham-by-Sea",
    "SSM": "Stocksmoor",
    "SSS": "Sheerness-on-Sea",
    "SST": "Stansted Mountfitchet",
    "STA": "Stafford",
    "STC": "Strathcarron",
    "STD": "Stroud (Gloucs)",
    "STE": "Streatham (Greater London)",
    "STF": "Stromeferry",
    "STG": "Stirling",
    "STH": "Shepreth",
    "STJ": "Severn Tunnel Junction",
    "STK": "Stockton",
    "STL": "Southall",
    "STM": "St Michaels",
    "STN": "Stonehaven",
    "STO": "South Tottenham",
    "STP": "London St Pancras International",
    "STR": "Stranraer",
    "STS": "Saltash",
    "STT": "Stewarton",
    "STU": "Sturry",
    "STV": "Stevenston",
    "STW": "Strawberry Hill",
    "STY": "Stratford-upon-Avon Parkway",
    "SUC": "Sutton Common",
    "SUD": "Sudbury & Harrow Road",
    "SUG": "Sugar Loaf",
    "SUM": "Summerston",
    "SUN": "Sunderland",
    "SUO": "Sutton (Surrey)",
    "SUP": "Sundridge Park",
    "SUR": "Surbiton",
    "SUT": "Sutton Coldfield",
    "SUU": "Sunbury",
    "SUY": "Sudbury (Suffolk)",
    "SVB": "Severn Beach",
    "SVG": "Stevenage",
    "SVK": "Seven Kings",
    "SVL": "Staveley (Cumbria)",
    "SVR": "Silverdale",
    "SVS": "Seven Sisters",
    "SWA": "Swansea",
    "SWD": "Swinderby",
    "SWE": "Swineshead",
    "SWG": "Swaythling",
    "SWI": "Swindon (Wilts)",
    "SWK": "Southwick",
    "SWL": "Swale",
    "SWM": "Swanscombe",
    "SWN": "Swinton (South Yorks)",
    "SWO": "Snowdown",
    "SWR": "Stewartby",
    "SWS": "South Wigston",
    "SWT": "Slaithwaite",
    "SWY": "Sway",
    "SXY": "Saxilby",
    "SYA": "Styal",
    "SYB": "Stalybridge",
    "SYD": "Sydenham (London)",
    "SYH": "Sydenham Hill",
    "SYL": "Syon Lane",
    "SYS": "Syston",
    "SYT": "Somerleyton",
    "TAB": "Tame Bridge Parkway",
    "TAC": "Tackley",
    "TAD": "Tadworth",
    "TAF": "Taffs Well",
    "TAI": "Tain",
    "TAL": "Talsarnau",
    "TAM": "Tamworth",
    "TAP": "Taplow",
    "TAT": "Tattenham Corner",
    "TAU": "Taunton",
    "TAY": "Taynuilt",
    "TBD": "Three Bridges",
    "TBW": "Tunbridge Wells",
    "TBY": "Thornaby",
    "TDU": "Tondu",
    "TEA": "Tees-side Airport",
    "TED": "Teddington",
    "TEN": "Tenby",
    "TEO": "Theobalds Grove",
    "TEY": "Teynham",
    "TFC": "Telford Central",
    "TGM": "Teignmouth",
    "TGS": "Ty Glas",
    "THA": "Thatcham",
    "THB": "Thornliebank",
    "THC": "Thurnscoe",
    "THD": "Thames Ditton",
    "THE": "Theale",
    "THH": "Thatto Heath",
    "THI": "Thirsk",
    "THL": "Tile Hill",
    "THO": "Thornford",
    "THS": "Thurso",
    "THT": "Thorntonhall",
    "THU": "Thurgarton",
    "THW": "The Hawthorns",
    "TIL": "Tilbury Town",
    "TIP": "Tipton",
    "TIR": "Tir-Phil",
    "TIS": "Tisbury",
    "TLB": "Talybont",
    "TLC": "Tal-y-Cafn",
    "TLH": "Tilehurst",
    "TLK": "The Lakes (Warks)",
    "TLS": "Thorpe-le-Soken",
    "TMC": "Templecombe",
    "TNA": "Thornton Abbey",
    "TNF": "Tonfanau",
    "TNN": "Thorne North",
    "TNP": "Tonypandy",
    "TNS": "Thorne South",
    "TOD": "Todmorden",
    "TOK": "Three Oaks",
    "TOL": "Tolworth",
    "TOM": "Tottenham Hale",
    "TON": "Tonbridge",
    "TOO": "Tooting",
    "TOP": "Topsham",
    "TOT": "Totnes",
    "TPB": "Thorpe Bay",
    "TPC": "Thorpe Culvert",
    "TPN": "Ton Pentre",
    "TQY": "Torquay",
    "TRA": "Trafford Park",
    "TRB": "Treherbert",
    "TRD": "Troed-y-rhiw",
    "TRE": "Trefforest Estate",
    "TRF": "Trefforest",
    "TRH": "Trehafod",
    "TRI": "Tring",
    "TRM": "Trimley",
    "TRN": "Troon",
    "TRO": "Trowbridge",
    "TRR": "Torre",
    "TRS": "Thurston",
    "TRU": "Truro",
    "TRY": "Treorchy",
    "TTF": "Thetford",
    "TTH": "Thornton Heath",
    "TTN": "Totton",
    "TUH": "Tulse Hill",
    "TUL": "Tulloch",
    "TUR": "Turkey Street",
    "TUT": "Tutbury & Hatton",
    "TVP": "Tiverton Parkway",
    "TWB": "Tweedbank",
    "TWI": "Twickenham",
    "TWN": "Town Green",
    "TWY": "Twyford",
    "TYC": "Ty Croes",
    "TYG": "Tygwyn",
    "TYL": "Tyndrum Lower",
    "TYS": "Tyseley",
    "TYW": "Tywyn",
    "UCK": "Uckfield",
    "UDD": "Uddingston",
    "UHA": "Uphall",
    "UHL": "Upper Holloway",
    "ULC": "Ulceby",
    "ULL": "Ulleskelf",
    "ULV": "Ulverston",
    "UMB": "Umberleigh",
    "UNI": "University (Birmingham)",
    "UPH": "Upper Halliford",
    "UPL": "Upholland",
    "UPM": "Upminster",
    "UPT": "Upton (Merseyside)",
    "UPW": "Upwey",
    "URM": "Urmston",
    "UTT": "Uttoxeter",
    "UTY": "Upper Tyndrum",
    "UWL": "Upper Warlingham",
    "VAL": "Valley",
    "VIC": "London Victoria",
    "VIR": "Virginia Water",
    "VXH": "Vauxhall",
    "WAC": "Warrington Central",
    "WAD": "Wadhurst",
    "WAE": "London Waterloo East",
    "WAF": "Wallyford",
    "WAL": "Walton-on-Thames",
    "WAM": "Walmer",
    "WAN": "Wanborough",
    "WAO": "Walton (Merseyside)",
    "WAR": "Ware (Herts)",
    "WAS": "Watton-at-Stone",
    "WAT": "London Waterloo",
    "WAV": "Wavertree Technology Park",
    "WBC": "Waterbeach",
    "WBD": "Whitley Bridge",
    "WBL": "Warblington",
    "WBO": "Wimbledon Chase",
    "WBP": "West Brompton",
    "WBQ": "Warrington Bank Quay",
    "WBR": "Whaley Bridge",
    "WBY": "West Byfleet",
    "WCB": "Westcombe Park",
    "WCF": "Westcliff",
    "WCH": "Whitchurch (Hants)",
    "WCK": "Wick",
    "WCL": "West Calder",
    "WCM": "Wickham Market",
    "WCP": "Worcester Park",
    "WCR": "Whitecraigs",
    "WCX": "Wembley Stadium",
    "WCY": "West Croydon",
    "WDB": "Woodbridge",
    "WDD": "Widdrington",
    "WDE": "Wood End",
    "WDH": "Woodhouse",
    "WDL": "Woodhall",
    "WDM": "Windermere",
    "WDN": "Walsden",
    "WDO": "Waddon",
    "WDS": "Woodlesford",
    "WDT": "West Drayton",
    "WDU": "West Dulwich",
    "WEA": "West Ealing",
    "WED": "Wedgwood",
    "WEE": "Weeley",
    "WEH": "West Ham",
    "WEL": "Wellingborough",
    "WEM": "Wem",
    "WES": "Westerton",
    "WET": "Weeton",
    "WEY": "Weymouth",
    "WFF": "Whifflet",
    "WFH": "Watford High Street",
    "WFI": "Westerfield",
    "WFJ": "Watford Junction",
    "WFL": "Wainfleet",
    "WFN": "Watford North",
    "WGA": "Westgate-on-Sea",
    "WGC": "Welwyn Garden City",
    "WGN": "Wigan North Western",
    "WGR": "Woodgrange Park",
    "WGT": "Wigton",
    "WGV": "Wargrave",
    "WGW": "Wigan Wallgate",
    "WHA": "Westenhanger",
    "WHC": "Walthamstow Central",
    "WHD": "West Hampstead",
    "WHE": "Whalley (Lancs)",
    "WHG": "Westhoughton",
    "WHI": "Whitstable",
    "WHL": "White Hart Lane",
    "WHM": "Whimple",
    "WHN": "Whiston",
    "WHP": "West Hampstead Thameslink",
    "WHR": "West Horndon",
    "WHS": "Whyteleafe South",
    "WHT": "Whitchurch (Cardiff)",
    "WHY": "Whyteleafe",
    "WIC": "Wickford",
    "WID": "Widnes",
    "WIH": "Winchmore Hill",
    "WIJ": "Willesden Junction",
    "WIL": "Willington",
    "WIM": "Wimbledon",
    "WIN": "Winchester",
    "WIV": "Wivenhoe",
    "WKB": "West Kilbride",
    "WKD": "Walkden",
    "WKF": "Wakefield Westgate",
    "WKG": "Workington",
    "WKI": "West Kirby",
    "WKK": "Wakefield Kirkgate",
    "WKM": "Wokingham",
    "WLC": "Waltham Cross",
    "WLD": "West St Leonards",
    "WLE": "Whittlesea",
    "WLF": "Whittlesford Parkway",
    "WLG": "Wallasey Grove Road",
    "WLI": "Welling",
    "WLM": "Williamwood",
    "WLN": "Wellington (Shropshire)",
    "WLO": "Waterloo (Merseyside)",
    "WLP": "Welshpool",
    "WLS": "Woolston",
    "WLT": "Wallington",
    "WLV": "Wallasey Village",
    "WLW": "Welwyn North",
    "WLY": "Woodley",
    "WMA": "West Malling",
    "WMB": "Wembley Central",
    "WMC": "Wilmcote",
    "WMD": "Wymondham",
    "WME": "Woodmansterne",
    "WMG": "Welham Green",
    "WMI": "Wildmill",
    "WML": "Wilmslow",
    "WMN": "Warminster",
    "WMR": "Widney Manor",
    "WMS": "Wemyss Bay",
    "WMW": "Walthamstow Queen's Road",
    "WNC": "Windsor & Eton Central",
    "WND": "Wendover",
    "WNE": "Wilnecote (Staffs)",
    "WNF": "Winchfield",
    "WNG": "Waun-Gron Park",
    "WNH": "Warnham",
    "WNL": "Whinhill",
    "WNM": "Weston Milton",
    "WNN": "Wennington",
    "WNP": "Wanstead Park",
    "WNR": "Windsor & Eton Riverside",
    "WNS": "Winnersh",
    "WNT": "Wandsworth Town",
    "WNW": "West Norwood",
    "WNY": "White Notley",
    "WOB": "Woburn Sands",
    "WOF": "Worcester Foregate Street",
    "WOH": "Woldingham",
    "WOK": "Woking",
    "WOL": "Wolverton",
    "WOM": "Wombwell",
    "WON": "Walton-on-the-Naze",
    "WOO": "Wool",
    "WOR": "Worle",
    "WOS": "Worcester Shrub Hill",
    "WPE": "Wapping",
    "WPL": "Worplesdon",
    "WRB": "Wrabness",
    "WRE": "Wrenbury",
    "WRH": "Worthing",
    "WRK": "Worksop",
    "WRL": "Wetheral",
    "WRM": "Wareham (Dorset)",
    "WRN": "West Runton",
    "WRP": "Warwick Parkway",
    "WRS": "Wressle",
    "WRT": "Worstead",
    "WRU": "West Ruislip",
    "WRW": "Warwick",
    "WRX": "Wrexham General",
    "WRY": "Wraysbury",
    "WSA": "West Allerton",
    "WSB": "Westbury (Wilts)",
    "WSE": "Winchelsea",
    "WSF": "Winsford",
    "WSH": "Wishaw",
    "WSL": "Walsall",
    "WSM": "Weston-super-Mare",
    "WSR": "Woodsmoor",
    "WST": "Wood Street",
    "WSU": "West Sutton",
    "WSW": "Wandsworth Common",
    "WTA": "Wester Hailes",
    "WTB": "Whitby",
    "WTC": "Whitchurch (Shropshire)",
    "WTE": "Whitlocks End",
    "WTG": "Watlington",
    "WTH": "Whitehaven",
    "WTI": "Winnersh Triangle",
    "WTL": "Whitland",
    "WTM": "Witham",
    "WTN": "Whitton (London)",
    "WTO": "Water Orton",
    "WTR": "Wateringbury",
    "WTS": "Whatstandwell",
    "WTT": "Witton (West Midlands)",
    "WTY": "Witley",
    "WVF": "Wivelsfield",
    "WVH": "Wolverhampton",
    "WWA": "Woolwich Arsenal",
    "WWD": "Woolwich Dockyard",
    "WWI": "West Wickham",
    "WWL": "Whitwell (Derbyshire)",
    "WWO": "West Worthing",
    "WWR": "Wandsworth Road",
    "WWW": "Wootton Wawen",
    "WXC": "Wrexham Central",
    "WYB": "Weybridge",
    "WYE": "Wye",
    "WYL": "Wylde Green",
    "WYM": "Wylam",
    "WYT": "Wythall",
    "YAE": "Yate",
    "YAL": "Yalding",
    "YAT": "Yatton",
    "YEO": "Yeoford",
    "YET": "Yetminster",
    "YNW": "Ynyswen",
    "YOK": "Yoker",
    "YRD": "Yardley Wood",
    "YRK": "York",
    "YRM": "Yarm",
    "YRT": "Yorton",
    "YSM": "Ystrad Mynach",
    "YSR": "Ystrad Rhondda",
    "YVJ": "Yeovil Junction",
    "YVP": "Yeovil Pen Mill",
    "ZBB": "Barbican",
    "ZCW": "Canada Water",
    "ZEL": "Elephant & Castle (Underground)",
    "ZFD": "Farringdon",
    "ZHS": "High Street Kensington Underground",
    "ZLW": "Whitechapel"
  }
}